t, k1_1, k1_2, k1_3, k1_4, k1_5, k1_6, k1_7, k1_8, k1_9, k1_10, k1_11, k1_12, k2_1, k2_2, k2_3, k2_4, k2_5, k2_6, k2_7, k2_8, k2_9, k2_10, k2_11, k2_12, k3_1, k3_2, k3_3, k3_4, k3_5, k3_6, k3_7, k3_8, k3_9, k3_10, k3_11, k3_12
0,0.088818,-0.14969,-0.221,0.32235,1.9765,-1.1276,0.045973,-0.079641,-0.10148,0.068613,0.037297,-0.095413,0.10192,0.18322,-0.03988,0.088576,0.17466,1.6689,-0.01558,0.11933,0.0031344,-0.033085,0.0098017,0.11593,-0.021874,0.0091843,-0.0093846,0.0096402,0.045951,0.056733,-0.011535,0.0043477,-6.5491e-05,-0.00052742,-0.00010473,0.0016186
0.01,0.070696,-0.10949,-0.18632,0.29295,1.6458,-0.80509,0.034498,-0.056693,-0.08347,0.056332,0.030188,-0.070553,0.1107,0.20224,-0.035529,0.084432,0.12465,1.8287,-0.018862,0.13049,0.0083286,-0.037181,0.010651,0.12989,-0.021466,0.0092951,-0.009057,0.0093441,0.043411,0.056781,-0.011301,0.0043486,-3.4924e-06,-0.00053704,-8.0861e-05,0.0016655
0.02,0.050028,-0.069066,-0.13931,0.23571,1.2161,-0.49166,0.021251,-0.034453,-0.06059,0.041079,0.021737,-0.044302,0.10966,0.20199,-0.027682,0.069062,0.063824,1.8128,-0.01873,0.12905,0.011705,-0.03772,0.010589,0.13146,-0.021037,0.0092781,-0.0088575,0.009174,0.042145,0.055792,-0.011023,0.0042709,-3.1623e-05,-0.00049519,-3.8738e-05,0.0016294
0.03,0.022263,-0.019443,-0.064386,0.12102,0.5533,-0.12048,0.0054682,-0.0079089,-0.026422,0.017927,0.0099267,-0.010466,0.090294,0.16629,-0.01533,0.043163,-0.0020418,1.4821,-0.013998,0.10544,0.011555,-0.031178,0.0085773,0.11071,-0.020603,0.0091564,-0.0087698,0.0091493,0.041947,0.053957,-0.010719,0.0041257,-0.00013321,-0.00040629,1.4236e-05,0.0015257
0.04,0.02304,-0.018991,-0.06877,0.13244,0.58546,-0.1148,0.0044463,-0.0078428,-0.028138,0.018887,0.010185,-0.010401,0.089751,0.16322,-0.013134,0.032119,-0.017425,1.4449,-0.011957,0.10234,0.010593,-0.030397,0.0088486,0.10898,-0.020178,0.0090045,-0.0087273,0.0091837,0.042161,0.051878,-0.010421,0.003953,-0.00026896,-0.00030073,6.5492e-05,0.0014018
0.05,0.027113,-0.023229,-0.08371,0.16305,0.70738,-0.14221,0.0044918,-0.010502,-0.034369,0.02286,0.011847,-0.014068,0.092977,0.16679,-0.012112,0.022473,-0.029107,1.4665,-0.010539,0.10328,0.0096193,-0.031,0.0095235,0.11113,-0.01976,0.0088923,-0.0086743,0.0091821,0.042255,0.050119,-0.010147,0.0037908,-0.00040796,-0.00020842,0.00010775,0.0012996
0.06,0.030657,-0.025918,-0.097703,0.19295,0.81982,-0.15753,0.0039317,-0.012637,-0.040056,0.026479,0.013281,-0.017067,0.09631,0.17041,-0.010724,0.011994,-0.043421,1.4882,-0.0091509,0.10414,0.0085143,-0.031797,0.010149,0.11309,-0.019347,0.0088161,-0.0086128,0.0091472,0.042245,0.048648,-0.0098953,0.0036363,-0.00054875,-0.00012791,0.00014207,0.0012159
0.07,0.032284,-0.025485,-0.10576,0.21215,0.88149,-0.15063,0.0025929,-0.013375,-0.043166,0.028439,0.013903,-0.01795,0.09784,0.17059,-0.0083931,0.00043902,-0.061685,1.4798,-0.007566,0.10291,0.007257,-0.032116,0.010473,0.11285,-0.018938,0.0087681,-0.0085458,0.0090815,0.042162,0.0474,-0.0096604,0.0034856,-0.00069136,-5.6845e-05,0.00016939,0.0011457
0.08,0.032807,-0.023495,-0.10993,0.22383,0.91085,-0.13322,0.00094747,-0.013496,-0.044677,0.029382,0.014042,-0.017692,0.098515,0.16894,-0.0056832,-0.011348,-0.08089,1.4561,-0.0058493,0.10059,0.005813,-0.032202,0.010615,0.11136,-0.018533,0.0087363,-0.0084772,0.0089913,0.042049,0.046283,-0.0094387,0.0033333,-0.00083729,8.0788e-06,0.00019055,0.0010827
0.09,0.03347,-0.021694,-0.11425,0.23559,0.94196,-0.11737,-0.00065469,-0.013977,-0.046294,0.030427,0.014219,-0.017716,0.099604,0.16767,-0.00302,-0.023071,-0.099585,1.436,-0.0040924,0.098508,0.0042256,-0.032456,0.010739,0.10985,-0.018132,0.0087154,-0.0084077,0.0088774,0.041912,0.045257,-0.0092278,0.0031775,-0.00098566,6.7829e-05,0.00020604,0.0010244
0.1,0.034892,-0.020709,-0.12087,0.25187,0.99272,-0.10697,-0.0021672,-0.015256,-0.048864,0.032152,0.014688,-0.018722,0.10079,0.16614,-0.00030883,-0.034673,-0.11794,1.4143,-0.0022563,0.096313,0.0025257,-0.032743,0.010803,0.10803,-0.017733,0.0087018,-0.0083366,0.0087399,0.041747,0.044293,-0.009026,0.0030169,-0.0011346,0.00012285,0.00021617,0.00096908
0.11,0.037011,-0.020427,-0.12963,0.27255,1.0617,-0.10105,-0.0036176,-0.017341,-0.052236,0.034525,0.015426,-0.02076,0.10189,0.16406,0.0025512,-0.046158,-0.13658,1.3887,-0.00034746,0.093879,0.00077609,-0.033016,0.010775,0.10581,-0.01734,0.0086923,-0.0082601,0.0085734,0.041522,0.043369,-0.0088314,0.0028507,-0.0012801,0.00017286,0.00022088,0.00091514
0.12,0.039056,-0.020162,-0.1377,0.29192,1.1259,-0.095263,-0.0050253,-0.019733,-0.055234,0.036811,0.016118,-0.023046,0.10309,0.16181,0.0055174,-0.057439,-0.15552,1.3624,0.001621,0.091426,-0.00098028,-0.033339,0.010681,0.1034,-0.016951,0.0086845,-0.0081794,0.0083825,0.041243,0.042469,-0.0086432,0.0026786,-0.0014201,0.00021844,0.00022074,0.00086132
0.13,0.041204,-0.020246,-0.14572,0.31123,1.1907,-0.091774,-0.0063317,-0.022618,-0.058061,0.039191,0.016846,-0.025931,0.10437,0.15933,0.0085847,-0.068344,-0.17472,1.3348,0.0036422,0.088949,-0.0027001,-0.03369,0.010525,0.1008,-0.016567,0.0086767,-0.0080959,0.0081733,0.040919,0.041579,-0.0084603,0.0025009,-0.0015524,0.0002602,0.00021639,0.00080662
0.14,0.043929,-0.021288,-0.15553,0.33434,1.2715,-0.09432,-0.0074299,-0.026468,-0.061315,0.042179,0.01782,-0.03034,0.10543,0.15627,0.011876,-0.078813,-0.19499,1.3032,0.0056717,0.086302,-0.0042751,-0.034001,0.010276,0.097945,-0.01619,0.0086671,-0.0080042,0.0079375,0.040504,0.040687,-0.0082816,0.0023187,-0.0016711,0.00029727,0.00020773,0.00075048
0.15,0.045908,-0.022241,-0.16226,0.35086,1.3283,-0.096706,-0.0082016,-0.030176,-0.063081,0.044464,0.018511,-0.034521,0.1066,0.15322,0.015375,-0.088888,-0.21667,1.2724,0.0076908,0.083823,-0.0056708,-0.034383,0.0099863,0.095117,-0.01582,0.0086555,-0.007904,0.007677,0.03999,0.039791,-0.0081066,0.002134,-0.0017734,0.00032956,0.00019518,0.00069309
0.16,0.047443,-0.023581,-0.16726,0.36344,1.3724,-0.10198,-0.008591,-0.033978,-0.063876,0.046387,0.019061,-0.039039,0.10771,0.14997,0.019055,-0.098236,-0.23947,1.2407,0.0096643,0.081425,-0.0068517,-0.034769,0.0096545,0.092296,-0.015458,0.0086423,-0.0077964,0.007396,0.039382,0.038895,-0.0079356,0.0019492,-0.0018574,0.00035719,0.00017935,0.00063505
0.17,0.048383,-0.025356,-0.17028,0.37129,1.4018,-0.11062,-0.0085121,-0.037715,-0.063618,0.047838,0.01943,-0.043895,0.10862,0.14634,0.022875,-0.1065,-0.26303,1.2067,0.011534,0.079038,-0.0077823,-0.035087,0.0092812,0.089481,-0.015104,0.0086284,-0.0076797,0.0070921,0.03866,0.038004,-0.0077688,0.0017672,-0.0019206,0.00037954,0.00016048,0.00057746
0.18,0.048492,-0.027218,-0.17054,0.37246,1.4097,-0.12044,-0.0079634,-0.04095,-0.062139,0.048535,0.019521,-0.048424,0.10952,0.1427,0.026768,-0.11358,-0.2871,1.1733,0.01328,0.076853,-0.0084765,-0.035389,0.0089092,0.086824,-0.014761,0.0086157,-0.0075527,0.0067632,0.037812,0.037129,-0.0076068,0.0015913,-0.0019616,0.00039603,0.00013884,0.00052185
0.19,0.047732,-0.029068,-0.16812,0.36687,1.3963,-0.13086,-0.0069706,-0.043497,-0.059602,0.048428,0.019319,-0.052431,0.11042,0.13907,0.03064,-0.11922,-0.31098,1.1407,0.014872,0.074877,-0.0089485,-0.03565,0.0085583,0.084342,-0.014426,0.0086059,-0.007415,0.0064083,0.036832,0.036282,-0.0074502,0.0014245,-0.0019807,0.00040626,0.00011472,0.00046985
0.2,0.046724,-0.030611,-0.16477,0.35801,1.3752,-0.13902,-0.0058048,-0.045471,-0.056833,0.047933,0.019026,-0.055536,0.11107,0.13511,0.034349,-0.12298,-0.3334,1.1059,0.016278,0.072911,-0.0092242,-0.035751,0.0082145,0.081917,-0.0141,0.0085999,-0.00727,0.006035,0.035748,0.035469,-0.0073,0.0012684,-0.0019804,0.0004111,8.8838e-05,0.00042193
0.21,0.045224,-0.032082,-0.16012,0.34527,1.3437,-0.14709,-0.0044318,-0.046862,-0.053696,0.046949,0.018579,-0.058199,0.11173,0.1312,0.03786,-0.12506,-0.3543,1.0723,0.017541,0.071146,-0.0093691,-0.035781,0.0079163,0.079646,-0.013781,0.0085979,-0.0071199,0.005649,0.034579,0.034693,-0.0071571,0.0011238,-0.0019633,0.0004113,6.1795e-05,0.00037825
0.22,0.043282,-0.033323,-0.15432,0.32901,1.3027,-0.15406,-0.0029155,-0.047607,-0.050351,0.045492,0.017985,-0.060211,0.11235,0.12733,0.041102,-0.12541,-0.37309,1.0396,0.018649,0.069546,-0.0093899,-0.035715,0.007672,0.077498,-0.013469,0.0086003,-0.0069635,0.0052497,0.03332,0.033954,-0.0070212,0.00099212,-0.0019307,0.00040683,3.378e-05,0.00033942
0.23,0.041888,-0.034376,-0.15013,0.31498,1.2745,-0.15868,-0.0014631,-0.048405,-0.047835,0.044344,0.017578,-0.061822,0.1127,0.1232,0.04398,-0.12393,-0.38894,1.0053,0.019584,0.067937,-0.0092929,-0.035473,0.0074593,0.075367,-0.013163,0.0086062,-0.0068026,0.0048436,0.03199,0.033249,-0.0068927,0.00087315,-0.0018853,0.00039867,5.2442e-06,0.00030484
0.24,0.040405,-0.03527,-0.14583,0.29985,1.2451,-0.16229,-8.3469e-06,-0.048907,-0.045455,0.04305,0.017151,-0.063043,0.11295,0.11908,0.046547,-0.12106,-0.40234,0.9716,0.020417,0.066456,-0.0091352,-0.035147,0.0072916,0.073308,-0.012862,0.0086137,-0.0066398,0.0044396,0.030616,0.032568,-0.0067713,0.00076577,-0.00183,0.00038811,-2.3307e-05,0.00027326
0.25,0.038873,-0.035969,-0.14147,0.28391,1.215,-0.16464,0.0014372,-0.049153,-0.043272,0.041641,0.016709,-0.063849,0.11305,0.11496,0.048769,-0.11693,-0.41302,0.93827,0.021146,0.065077,-0.0089179,-0.03473,0.0071707,0.071302,-0.012565,0.0086217,-0.0064735,0.0040383,0.029193,0.031903,-0.0066566,0.00067003,-0.0017659,0.00037526,-5.1837e-05,0.00024457
0.26,0.037612,-0.036546,-0.13795,0.269,1.1915,-0.16572,0.0028465,-0.049453,-0.041573,0.040384,0.01636,-0.064435,0.11289,0.11072,0.050599,-0.11164,-0.42058,0.90433,0.021768,0.06372,-0.0086438,-0.034192,0.0070832,0.069305,-0.012272,0.0086286,-0.0063037,0.0036437,0.027724,0.031248,-0.0065481,0.00058527,-0.0016944,0.00036065,-8.0223e-05,0.00021817
0.27,0.036592,-0.037023,-0.13514,0.25496,1.1736,-0.16574,0.0042128,-0.049839,-0.040266,0.03927,0.016096,-0.064861,0.11245,0.1064,0.052064,-0.10548,-0.42525,0.87001,0.022313,0.062398,-0.0083438,-0.033559,0.0070216,0.067325,-0.011984,0.0086324,-0.0061318,0.0032626,0.026227,0.030589,-0.0064457,0.00051011,-0.0016174,0.00034517,-0.00010824,0.00019296
0.28,0.035551,-0.03731,-0.13225,0.24043,1.1546,-0.16464,0.0055464,-0.050087,-0.039083,0.038084,0.015819,-0.064974,0.11181,0.10211,0.053181,-0.098683,-0.42718,0.83611,0.022807,0.061158,-0.0080332,-0.032865,0.0069933,0.065395,-0.0117,0.0086317,-0.0059569,0.0028966,0.0247,0.029923,-0.0063488,0.00044412,-0.0015357,0.00032897,-0.00013592,0.00016874
0.29,0.034711,-0.037482,-0.12987,0.22657,1.1396,-0.16253,0.006858,-0.050441,-0.038217,0.037009,0.015604,-0.064958,0.11085,0.097743,0.05391,-0.091349,-0.42605,0.8018,0.023235,0.059925,-0.0077101,-0.032078,0.0069857,0.063492,-0.01142,0.0086252,-0.0057787,0.0025485,0.023145,0.029242,-0.0062573,0.00038666,-0.0014499,0.0003123,-0.00016325,0.00014523
0.3,0.033995,-0.037518,-0.12776,0.21299,1.1263,-0.15945,0.008133,-0.050845,-0.037535,0.035986,0.015425,-0.064804,0.1096,0.093359,0.054282,-0.083702,-0.42216,0.76741,0.023625,0.058719,-0.0074041,-0.031223,0.0069924,0.061642,-0.011144,0.0086115,-0.0055984,0.0022228,0.021575,0.02854,-0.0061709,0.00033649,-0.0013612,0.00029576,-0.00019012,0.0001217
0.31,0.033251,-0.037348,-0.12542,0.19901,1.1107,-0.15532,0.0093561,-0.051145,-0.036877,0.034888,0.015222,-0.064417,0.10812,0.089032,0.054326,-0.075922,-0.41571,0.7335,0.023996,0.057568,-0.0071303,-0.030321,0.0070169,0.059882,-0.010872,0.0085896,-0.0054156,0.001921,0.019991,0.027814,-0.0060896,0.00029308,-0.0012699,0.00027948,-0.00021655,9.8057e-05
0.32,0.032617,-0.037027,-0.12322,0.18532,1.0959,-0.15024,0.010546,-0.051499,-0.036354,0.033824,0.015043,-0.063937,0.10636,0.084726,0.054025,-0.068105,-0.40663,0.69975,0.024342,0.056431,-0.0068904,-0.029357,0.0070513,0.058217,-0.010605,0.0085591,-0.0052303,0.0016448,0.018395,0.027063,-0.0060133,0.00025591,-0.0011765,0.00026359,-0.00024255,7.4214e-05
0.33,0.032112,-0.036572,-0.1212,0.17201,1.082,-0.14433,0.011697,-0.05194,-0.03594,0.032811,0.014895,-0.063426,0.10432,0.080443,0.053397,-0.060384,-0.3951,0.66612,0.024668,0.055293,-0.0067019,-0.028332,0.007086,0.056663,-0.010343,0.0085189,-0.0050434,0.0013965,0.016799,0.026284,-0.005942,0.00022406,-0.0010817,0.00024844,-0.00026802,4.9779e-05
0.34,0.031569,-0.035911,-0.11886,0.15846,1.065,-0.13754,0.012774,-0.052283,-0.035465,0.031714,0.014717,-0.062788,0.10206,0.076245,0.052476,-0.052891,-0.38141,0.63308,0.024991,0.054172,-0.0065791,-0.027262,0.0071225,0.055256,-0.010085,0.008469,-0.004855,0.0011771,0.015205,0.025479,-0.0058757,0.00019705,-0.00098566,0.00023415,-0.00029294,2.4721e-05
0.35,0.03102,-0.035064,-0.11628,0.14492,1.0454,-0.12998,0.01378,-0.052561,-0.034943,0.030557,0.014519,-0.062084,0.099591,0.072148,0.051276,-0.045716,-0.3657,0.60072,0.025313,0.053055,-0.0065275,-0.026147,0.0071578,0.054015,-0.0098324,0.0084091,-0.0046651,0.00098706,0.013617,0.024648,-0.0058145,0.00017454,-0.00088861,0.00022076,-0.0003173,-8.9395e-07
0.36,0.030565,-0.034087,-0.11375,0.1318,1.0257,-0.12181,0.014734,-0.052896,-0.034443,0.029419,0.01434,-0.061443,0.096958,0.068173,0.049829,-0.038953,-0.34824,0.56921,0.025641,0.051939,-0.0065584,-0.024992,0.0071875,0.052958,-0.0095843,0.008339,-0.0044744,0.00082738,0.012042,0.023793,-0.0057583,0.00015601,-0.00079099,0.00020846,-0.00034101,-2.7163e-05
0.37,0.030111,-0.032956,-0.111,0.11888,1.0036,-0.11312,0.015608,-0.053181,-0.033866,0.02823,0.014149,-0.060835,0.094152,0.064314,0.048147,-0.032663,-0.32921,0.53845,0.025968,0.050797,-0.0066747,-0.023792,0.0072052,0.052089,-0.0093408,0.008259,-0.0042832,0.00069837,0.010484,0.022917,-0.0057073,0.00014115,-0.00069295,0.00019733,-0.00036399,-5.3998e-05
0.38,0.029588,-0.031656,-0.10788,0.10603,0.97786,-0.10401,0.016376,-0.053329,-0.033142,0.02694,0.013922,-0.060243,0.091194,0.060581,0.04625,-0.026904,-0.3088,0.50853,0.026295,0.049613,-0.0068794,-0.022546,0.0072075,0.051411,-0.0091021,0.0081691,-0.0040915,0.00060001,0.0089463,0.022023,-0.0056617,0.00012978,-0.00059458,0.0001874,-0.00038621,-8.1185e-05
0.39,0.029084,-0.030245,-0.10463,0.093629,0.95059,-0.094653,0.017067,-0.053445,-0.032344,0.025618,0.013695,-0.059774,0.088298,0.057115,0.044232,-0.021775,-0.28758,0.48058,0.026674,0.048468,-0.0071975,-0.021306,0.0072104,0.050983,-0.0088677,0.0080695,-0.0038998,0.00053244,0.0074337,0.021116,-0.0056214,0.00012175,-0.00049612,0.00017877,-0.00040757,-0.0001085
0.4,0.028522,-0.028718,-0.10109,0.081561,0.92044,-0.085201,0.017651,-0.053443,-0.031401,0.024216,0.013446,-0.05941,0.085213,0.053731,0.04202,-0.017245,-0.26531,0.45307,0.027025,0.047209,-0.007594,-0.020005,0.0071829,0.050713,-0.0086376,0.0079607,-0.0037082,0.00049569,0.0059504,0.020197,-0.0055865,0.00011691,-0.00039774,0.00017151,-0.000428,-0.00013563
0.41,0.027916,-0.027102,-0.09734,0.069947,0.88804,-0.075787,0.018134,-0.053334,-0.030322,0.022748,0.013186,-0.059192,0.08207,0.050511,0.039676,-0.013373,-0.2424,0.42669,0.02738,0.045877,-0.0080842,-0.018676,0.0071335,0.050619,-0.0084116,0.0078428,-0.003517,0.00048963,0.0044992,0.019272,-0.0055571,0.0001152,-0.00029948,0.00016571,-0.00044744,-0.00016215
0.42,0.027266,-0.025422,-0.093408,0.058863,0.85376,-0.06655,0.018518,-0.053119,-0.029111,0.02122,0.01292,-0.059145,0.079122,0.04761,0.037299,-0.010239,-0.21931,0.40268,0.027816,0.044568,-0.008699,-0.01738,0.007087,0.050761,-0.0081896,0.0077164,-0.0033263,0.00051405,0.0030833,0.018343,-0.0055335,0.00011662,-0.00020152,0.00016146,-0.00046584,-0.00018753
0.43,0.026566,-0.023701,-0.089333,0.048363,0.81795,-0.057627,0.018807,-0.052797,-0.027772,0.019638,0.012652,-0.059289,0.076182,0.044892,0.034839,-0.0078175,-0.19594,0.37993,0.028266,0.043167,-0.0094013,-0.016077,0.0070211,0.051043,-0.0079712,0.0075818,-0.0031363,0.00056874,0.0017056,0.017415,-0.0055156,0.00012114,-0.00010411,0.0001589,-0.00048316,-0.00021118
0.44,0.025819,-0.02196,-0.085157,0.038493,0.78103,-0.049107,0.019005,-0.052368,-0.026305,0.018009,0.012389,-0.059639,0.073069,0.042231,0.032257,-0.0060689,-0.17231,0.35742,0.028661,0.041572,-0.010153,-0.014732,0.0069115,0.051356,-0.0077564,0.0074394,-0.0029472,0.00065346,0.00036925,0.016491,-0.0055036,0.00012865,-7.3155e-06,0.00015818,-0.00049936,-0.00023248
0.45,0.025012,-0.020219,-0.080886,0.029248,0.74312,-0.041108,0.01911,-0.051818,-0.024708,0.01633,0.012132,-0.060203,0.070349,0.039978,0.029728,-0.0051806,-0.14892,0.33796,0.029213,0.040013,-0.011049,-0.013484,0.0068263,0.051856,-0.0075449,0.0072895,-0.0027593,0.00076774,-0.00092316,0.015574,-0.0054977,0.00013908,8.8595e-05,0.00015948,-0.00051444,-0.0002507
0.46,0.024155,-0.018501,-0.076597,0.02068,0.70487,-0.033693,0.019137,-0.051166,-0.023008,0.014621,0.011891,-0.06099,0.067619,0.037865,0.027146,-0.0050538,-0.12558,0.3194,0.029768,0.038292,-0.011992,-0.012258,0.0067199,0.052347,-0.0073365,0.0071328,-0.0025726,0.00091083,-0.0021695,0.014669,-0.005498,0.00015234,0.00018312,0.00016298,-0.00052844,-0.00026507
0.47,0.023259,-0.01682,-0.072332,0.012803,0.66671,-0.026893,0.019094,-0.050412,-0.02121,0.012891,0.011672,-0.061998,0.064763,0.035812,0.024496,-0.0056417,-0.10247,0.3011,0.030273,0.036354,-0.012941,-0.011043,0.006578,0.052722,-0.0071312,0.0069694,-0.0023875,0.001082,-0.0033668,0.013776,-0.0055046,0.00016812,0.00027605,0.00016892,-0.00054136,-0.00027491
0.48,0.022308,-0.015191,-0.068095,0.0055739,0.62872,-0.020781,0.018979,-0.049549,-0.019311,0.011138,0.011475,-0.063228,0.062361,0.034173,0.021908,-0.0073002,-0.079462,0.28583,0.031004,0.034389,-0.014018,-0.0099972,0.0064841,0.053087,-0.0069288,0.0067997,-0.0022043,0.0012802,-0.0045121,0.012899,-0.0055176,0.00018608,0.00036689,0.00017749,-0.00055326,-0.00027954
0.49,0.021313,-0.01363,-0.063936,-0.00098749,0.59135,-0.015375,0.018807,-0.048585,-0.017349,0.0093826,0.011303,-0.064669,0.060002,0.032685,0.019292,-0.0098963,-0.056625,0.27149,0.03178,0.032224,-0.015082,-0.0090616,0.0063945,0.053213,-0.0067289,0.0066244,-0.0020231,0.0015031,-0.0056034,0.012041,-0.0055367,0.0002059,0.00045456,0.0001889,-0.0005642,-0.00027824
0.5,0.020282,-0.012143,-0.059892,-0.0068667,0.55493,-0.010657,0.018584,-0.047519,-0.015331,0.0076388,0.011163,-0.066296,0.057374,0.031144,0.016617,-0.013179,-0.034447,0.25654,0.032441,0.029778,-0.016018,-0.0081901,0.0062689,0.052929,-0.0065317,0.0064436,-0.0018445,0.0017489,-0.0066375,0.011204,-0.0055619,0.00022694,0.00053856,0.00020332,-0.0005742,-0.00027058
0.51,0.019211,-0.010743,-0.055965,-0.012108,0.51952,-0.0066522,0.01831,-0.046346,-0.013265,0.0059106,0.011051,-0.068103,0.055188,0.030008,0.013953,-0.018074,-0.011768,0.24435,0.033395,0.027157,-0.016991,-0.0076338,0.0062364,0.052114,-0.0063369,0.0062577,-0.0016688,0.0020146,-0.0076113,0.01039,-0.0055931,0.00024849,0.00061804,0.00022086,-0.00058328,-0.00025623
0.52,0.018099,-0.0094381,-0.052173,-0.016707,0.48529,-0.0033661,0.017992,-0.045063,-0.011217,0.0042256,0.01096,-0.070064,0.053059,0.029046,0.011224,-0.024631,0.011283,0.23309,0.034435,0.024178,-0.017776,-0.0074131,0.0062746,0.050298,-0.006143,0.0060681,-0.0014964,0.0022935,-0.0085199,0.0096075,-0.0056275,0.00026998,0.00069028,0.00024131,-0.00059129,-0.0002348
0.53,0.016962,-0.0082311,-0.048539,-0.02061,0.45246,-0.00073241,0.017637,-0.043665,-0.0092133,0.0026086,0.010893,-0.072128,0.050252,0.027775,0.0084492,-0.031747,0.032664,0.21925,0.035068,0.020803,-0.018072,-0.0073568,0.0062639,0.047306,-0.0059499,0.005875,-0.0013279,0.0025795,-0.0093595,0.0088582,-0.0056641,0.0002904,0.00075423,0.0002644,-0.00059807,-0.00020645
0.54,0.015807,-0.0071287,-0.04506,-0.023809,0.42106,0.0012725,0.017244,-0.042146,-0.0072685,0.0010751,0.010844,-0.074262,0.046935,0.026349,0.0056301,-0.040313,0.053089,0.20383,0.03535,0.016895,-0.017815,-0.0077106,0.0062839,0.042244,-0.0057577,0.0056787,-0.001164,0.0028644,-0.010126,0.0081428,-0.0057017,0.00030871,0.00080879,0.00028959,-0.00060338,-0.00017165
0.55,0.014656,-0.0061278,-0.041736,-0.026302,0.39116,0.0027488,0.016827,-0.040502,-0.0054928,-0.00033637,0.0108,-0.076422,0.042203,0.024255,0.0027979,-0.049801,0.070496,0.18296,0.034426,0.012155,-0.016454,-0.0085042,0.0062488,0.03359,-0.0055621,0.0054821,-0.0010058,0.0031289,-0.010806,0.007481,-0.0057318,0.00032402,0.00085011,0.00031484,-0.00060624,-0.00013061
0.56,0.013539,-0.0052179,-0.038584,-0.028062,0.36297,0.0038308,0.016398,-0.038737,-0.0039306,-0.0015938,0.010761,-0.078541,0.036165,0.021347,0.00038689,-0.056911,0.080489,0.15669,0.032042,0.0075077,-0.014131,-0.0092349,0.0060136,0.023378,-0.005362,0.0052864,-0.00085478,0.003357,-0.011389,0.0068785,-0.0057501,0.00033491,0.00087797,0.000338,-0.00060585,-8.5337e-05
0.57,0.012462,-0.0043975,-0.035603,-0.029153,0.33651,0.004572,0.015953,-0.036862,-0.0025799,-0.0026898,0.010728,-0.080598,0.029471,0.017972,-0.0014598,-0.061515,0.083402,0.12788,0.028482,0.0032726,-0.011184,-0.0098964,0.0056404,0.012081,-0.0051581,0.005092,-0.00071267,0.0035348,-0.01187,0.006333,-0.0057546,0.00034,0.0008939,0.000357,-0.00060175,-3.922e-05
0.58,0.011428,-0.003671,-0.032785,-0.029657,0.31175,0.0049876,0.015483,-0.034889,-0.001429,-0.0036208,0.010697,-0.082577,0.022791,0.014467,-0.0026487,-0.06322,0.079922,0.099317,0.024166,-0.00016289,-0.0080508,-0.010352,0.0051682,0.00088096,-0.0049523,0.0048984,-0.00058105,0.003653,-0.01225,0.0058356,-0.0057457,0.00033815,0.00090045,0.00037019,-0.00059395,3.0142e-06
0.59,0.010443,-0.0030384,-0.030141,-0.029611,0.28876,0.0051211,0.014989,-0.032833,-0.00047365,-0.0043719,0.010664,-0.084437,0.016432,0.010993,-0.0031787,-0.061857,0.070844,0.072236,0.019291,-0.0026744,-0.0049988,-0.010478,0.0046039,-0.0095622,-0.0047471,0.0047052,-0.00046112,0.0037057,-0.012534,0.0053775,-0.005725,0.0003288,0.00090045,0.00037618,-0.00058268,3.6158e-05
0.6,0.0095067,-0.0024982,-0.027667,-0.029121,0.26749,0.0050006,0.014465,-0.030711,0.00030034,-0.0049448,0.010629,-0.086167,0.010766,0.0077666,-0.0031245,-0.057666,0.057697,0.048152,0.014214,-0.0041991,-0.0023122,-0.010194,0.0039721,-0.018431,-0.0045441,0.004512,-0.00035364,0.0036918,-0.012726,0.0049507,-0.0056948,0.00031209,0.00089686,0.00037407,-0.0005683,5.5193e-05
0.61,0.0086072,-0.0020525,-0.025337,-0.028326,0.24772,0.0046227,0.013907,-0.028526,0.00092684,-0.0053586,0.010585,-0.087756,0.008338,0.0063806,-0.0032365,-0.057228,0.052953,0.037674,0.012263,-0.0047209,-0.0011449,-0.010348,0.0038183,-0.023432,-0.0043468,0.0043178,-0.00025814,0.0036245,-0.012847,0.0045416,-0.0056618,0.00028967,0.00089102,0.00036575,-0.00055221,5.9259e-05
0.62,0.0077506,-0.0016934,-0.023156,-0.027205,0.22945,0.0040492,0.013329,-0.026283,0.0014082,-0.0055991,0.01053,-0.089105,0.0060709,0.0050372,-0.0031057,-0.055654,0.046417,0.027935,0.010101,-0.0048869,-9.2395e-05,-0.010312,0.0036195,-0.028073,-0.0041562,0.0041224,-0.00017395,0.0035167,-0.012909,0.004145,-0.0056307,0.00026336,0.0008831,0.00035318,-0.00053542,4.9598e-05
0.63,0.0069389,-0.001414,-0.021114,-0.025852,0.21258,0.0033256,0.01274,-0.023993,0.0017469,-0.0056775,0.010461,-0.0902,0.0042117,0.0038922,-0.0028335,-0.053557,0.039508,0.019933,0.0080676,-0.0047115,0.00070522,-0.010136,0.003416,-0.031944,-0.0039717,0.0039268,-0.00010072,0.0033733,-0.012917,0.0037638,-0.005602,0.00023445,0.00087384,0.00033659,-0.00051812,2.5946e-05
0.64,0.0061721,-0.0012066,-0.019195,-0.024362,0.19696,0.0024919,0.01215,-0.021664,0.0019532,-0.0056123,0.010378,-0.091035,0.0033555,0.0033595,-0.0027827,-0.053834,0.036998,0.016149,0.0072756,-0.0043713,0.0010203,-0.010278,0.0034272,-0.03505,-0.0037929,0.0037321,-3.7744e-05,0.0032022,-0.012877,0.0033993,-0.0055769,0.00020444,0.0008632,0.00031703,-0.00050077,-1.0026e-05
0.65,0.0054532,-0.0010606,-0.017397,-0.022736,0.18255,0.0016001,0.011577,-0.019305,0.0020367,-0.005408,0.010283,-0.091562,0.0026445,0.0028999,-0.0026899,-0.053988,0.034534,0.012991,0.0065474,-0.0038732,0.0012155,-0.010369,0.0034394,-0.037913,-0.0036193,0.0035388,1.5885e-05,0.0030124,-0.012796,0.0030526,-0.005557,0.00017477,0.00085062,0.00029588,-0.00048384,-5.5209e-05
0.66,0.0047834,-0.00096667,-0.015712,-0.021001,0.16927,0.00068884,0.01103,-0.016924,0.0020093,-0.005075,0.010177,-0.091767,0.002034,0.0024861,-0.0025504,-0.053862,0.03195,0.010267,0.0058281,-0.0032283,0.0013014,-0.010377,0.0034359,-0.040478,-0.0034503,0.003348,6.085e-05,0.0028081,-0.012677,0.002726,-0.0055421,0.00014634,0.00083625,0.00027354,-0.00046742,-0.00010821
0.67,0.004164,-0.00091555,-0.014135,-0.019171,0.15705,-0.00020606,0.010523,-0.014534,0.001888,-0.0046239,0.010068,-0.091644,0.0016125,0.0021887,-0.0024551,-0.054204,0.030357,0.0083509,0.0053585,-0.0024921,0.001257,-0.010444,0.0034779,-0.042929,-0.0032854,0.0031604,9.792e-05,0.0025941,-0.012522,0.0024208,-0.0055325,0.00011997,0.00082002,0.0002505,-0.00045167,-0.00016715
0.68,0.0035954,-0.00089859,-0.012658,-0.017258,0.14583,-0.0010566,0.010066,-0.012142,0.0016964,-0.0040651,0.0099631,-0.09119,0.0012872,0.0019455,-0.0023689,-0.054609,0.029222,0.0068515,0.0050064,-0.0016565,0.0011209,-0.010511,0.003537,-0.0452,-0.003124,0.0029764,0.00012791,0.0023749,-0.012335,0.0021375,-0.0055284,9.6306e-05,0.0008017,0.00022735,-0.00043678,-0.0002296
0.69,0.0030771,-0.00090786,-0.011275,-0.015275,0.13551,-0.0018407,0.0096666,-0.0097567,0.001458,-0.0034083,0.0098705,-0.090405,0.00098047,0.0017036,-0.0022398,-0.054602,0.027812,0.0054407,0.0045969,-0.00071208,0.00092116,-0.010493,0.003572,-0.047201,-0.002966,0.0027967,0.00015157,0.0021538,-0.01212,0.0018764,-0.0055299,7.5773e-05,0.0007813,0.00020432,-0.0004228,-0.00029385
0.7,0.0026085,-0.00093596,-0.0099813,-0.013235,0.12603,-0.0025406,0.0093342,-0.0073854,0.001202,-0.0026617,0.009802,-0.089303,0.00071299,0.0014791,-0.0020905,-0.054322,0.026393,0.0042046,0.0041903,0.00032109,0.00066074,-0.010425,0.0035987,-0.048928,-0.0028111,0.0026216,0.00016963,0.0019341,-0.011878,0.0016373,-0.0055372,5.8651e-05,0.00075878,0.00018165,-0.00040983,-0.00035793
0.71,0.0021894,-0.00097583,-0.0087735,-0.011141,0.11735,-0.0031422,0.0090786,-0.0050367,0.0009624,-0.0018298,0.0097719,-0.087898,0.00049522,0.0012818,-0.0019421,-0.053895,0.025223,0.0031896,0.0038459,0.0014255,0.00035449,-0.010346,0.0036382,-0.050395,-0.0026592,0.0024513,0.0001828,0.0017189,-0.011612,0.0014197,-0.0055503,4.5059e-05,0.00073406,0.00015955,-0.00039792,-0.00041967
0.72,0.0018186,-0.0010215,-0.0076508,-0.0089783,0.10945,-0.003636,0.0089104,-0.0027207,0.00077531,-0.00091107,0.0097977,-0.08621,0.00032356,0.0011123,-0.0018063,-0.053446,0.02446,0.0023859,0.0035939,0.0025937,2.6703e-05,-0.010301,0.0037147,-0.051704,-0.0025101,0.0022861,0.00019171,0.0015104,-0.011324,0.0012229,-0.0055694,3.4955e-05,0.00070725,0.00013799,-0.00038705,-0.00047744
0.73,0.0014945,-0.0010677,-0.0066113,-0.0067359,0.1023,-0.0040174,0.0088405,-0.00044592,0.00067994,9.9206e-05,0.0098994,-0.084259,0.00019049,0.00096681,-0.001688,-0.053026,0.024202,0.0017676,0.0034547,0.0038277,-0.00029228,-0.010327,0.0038547,-0.052915,-0.0023638,0.0021262,0.00019696,0.0013105,-0.011016,0.0010461,-0.0055947,2.8196e-05,0.00067851,0.00011682,-0.00037716,-0.00052976
0.74,0.0012143,-0.0011106,-0.0056484,-0.0044611,0.095815,-0.0042893,0.0088741,0.0017861,0.00072524,0.0011998,0.010095,-0.082085,7.7081e-05,0.00082907,-0.0015637,-0.052331,0.024143,0.0012516,0.0033655,0.0051165,-0.00056245,-0.010387,0.0040499,-0.053837,-0.0022203,0.0019716,0.0001991,0.0011219,-0.010689,0.00088809,-0.0056263,2.4442e-05,0.00064793,9.5994e-05,-0.0003682,-0.0005746
0.75,0.00097456,-0.001147,-0.0047525,-0.0022546,0.089819,-0.0044574,0.0090044,0.0039782,0.0009507,0.0023842,0.010393,-0.079719,-3.5735e-05,0.00068325,-0.0013938,-0.050869,0.023605,0.00073834,0.0031737,0.0064132,-0.00076734,-0.010367,0.0042419,-0.054146,-0.0020795,0.0018226,0.00019862,0.00094567,-0.010345,0.00074794,-0.0056646,2.3283e-05,0.00061581,7.5143e-05,-0.00036001,-0.00061084
0.76,0.00077345,-0.0011736,-0.00393,-3.6264e-05,0.084404,-0.0045226,0.0092539,0.0061119,0.0014101,0.0036839,0.010824,-0.07718,-0.00012485,0.0005518,-0.0012319,-0.049282,0.023449,0.00034855,0.0030585,0.0077362,-0.00084143,-0.010465,0.0045473,-0.054281,-0.0019416,0.0016791,0.00019593,0.00078275,-0.009985,0.00062451,-0.0057096,2.4258e-05,0.00058253,5.3735e-05,-0.00035235,-0.00063772
0.77,0.00060799,-0.0011893,-0.003183,0.002244,0.079639,-0.0044927,0.0096489,0.0081753,0.0021843,0.0051349,0.011428,-0.074509,-0.00018587,0.00043573,-0.0011005,-0.047818,0.024295,0.00013061,0.0031604,0.0091087,-0.00063687,-0.010857,0.0051046,-0.054382,-0.0018064,0.0015411,0.00019141,0.00063501,-0.0096088,0.00051665,-0.0057619,2.6628e-05,0.00054832,3.1462e-05,-0.00034505,-0.00065355
0.78,0.00047421,-0.0011928,-0.0024998,0.0043992,0.075267,-0.0043807,0.010173,0.010174,0.0033175,0.0067337,0.012201,-0.071762,-0.00024263,0.00031639,-0.00093581,-0.045704,0.024901,-6.0395e-05,0.0031841,0.010432,-0.00014311,-0.011335,0.0057899,-0.053943,-0.0016742,0.0014088,0.00018537,0.00050292,-0.0092172,0.00042321,-0.0058218,2.9704e-05,0.0005136,7.6215e-06,-0.00033778,-0.00065786
0.79,0.00036947,-0.0011823,-0.0018819,0.0063944,0.071244,-0.0041948,0.010836,0.012096,0.0048615,0.0085137,0.013156,-0.068983,-0.00028992,0.00019973,-0.00074532,-0.04299,0.025279,-0.00020847,0.0031042,0.011658,0.0007027,-0.011947,0.0066275,-0.052976,-0.0015449,0.0012821,0.00017807,0.00038602,-0.0088104,0.00034305,-0.0058897,3.2893e-05,0.00047882,-1.8779e-05,-0.00033015,-0.00065101
0.8,0.00029043,-0.001159,-0.0013405,0.008514,0.067915,-0.003939,0.01173,0.013905,0.0070006,0.010604,0.014383,-0.066167,-0.00031129,8.5491e-05,-0.00061044,-0.040909,0.028405,-8.2719e-05,0.0035497,0.013038,0.0027229,-0.01367,0.0083987,-0.052436,-0.0014187,0.0011611,0.00016975,0.00028617,-0.0083891,0.00027501,-0.0059666,3.4944e-05,0.00044405,-4.8045e-05,-0.00032212,-0.00063092
0.81,0.00023424,-0.001119,-0.00086349,0.010357,0.064739,-0.0036246,0.012793,0.015588,0.0097449,0.012971,0.015806,-0.06335,-0.00032711,-3.1474e-05,-0.00041869,-0.037688,0.030762,5.3131e-05,0.0036927,0.014119,0.0056244,-0.015722,0.010471,-0.050846,-0.0012955,0.0010456,0.00016055,0.00020338,-0.0079534,0.00021799,-0.0060531,3.4854e-05,0.0004096,-8.0936e-05,-0.00031346,-0.00059745
0.82,0.00019691,-0.0010614,-0.00045224,0.011845,0.061552,-0.0032619,0.014016,0.017088,0.013102,0.015658,0.017379,-0.06052,-0.00032871,-0.00013764,-0.00019225,-0.033496,0.032208,0.00021409,0.003438,0.014745,0.0094321,-0.018154,0.012781,-0.04821,-0.0011756,0.00093584,0.00015048,0.00013548,-0.0075022,0.0001709,-0.0061495,3.2348e-05,0.00037608,-0.00011893,-0.00030366,-0.00055299
0.83,0.00017094,-0.00099418,-0.00010996,0.013611,0.05899,-0.0028479,0.015605,0.018304,0.017503,0.019011,0.019315,-0.057523,-0.00030054,-0.00027134,2.5007e-05,-0.028812,0.037302,0.00078886,0.0036768,0.014886,0.016914,-0.023237,0.017189,-0.04426,-0.001059,0.00083173,0.00013953,8.3219e-05,-0.0070365,0.00013259,-0.0062566,2.6248e-05,0.00034329,-0.00016169,-0.00029334,-0.0004967
0.84,0.00015627,-0.00091346,0.00017385,0.01483,0.056058,-0.0024117,0.017366,0.019196,0.022674,0.022881,0.02133,-0.054529,-0.00025212,-0.0003742,0.00027744,-0.02281,0.0397,0.0013147,0.0032085,0.013805,0.025654,-0.028805,0.021451,-0.038149,-0.00094574,0.0007333,0.00012762,4.6061e-05,-0.0065574,0.00010178,-0.0063741,1.5683e-05,0.00030989,-0.00020774,-0.00028395,-0.00042901
0.85,0.00014902,-0.00082241,0.00039809,0.015499,0.05263,-0.0019703,0.019286,0.019673,0.02841,0.027441,0.023335,-0.051566,-0.00018685,-0.00043573,0.00051018,-0.016503,0.03966,0.0017768,0.0022386,0.011521,0.034912,-0.034874,0.025221,-0.030529,-0.00083612,0.00064049,0.00011474,1.942e-05,-0.0060632,7.7215e-05,-0.0065009,1.9694e-06,0.00027407,-0.00025702,-0.00027588,-0.0003552
0.86,0.00013951,-0.00072853,0.00057292,0.016499,0.049364,-0.0014885,0.021601,0.019495,0.035229,0.033576,0.025705,-0.048054,-0.00011347,-0.00045411,0.00068205,-0.010611,0.037353,0.0021445,0.0010299,0.008123,0.043466,-0.04118,0.028063,-0.021768,-0.00073032,0.00055316,0.00010096,2.7446e-07,-0.0055509,5.771e-05,-0.0066345,-1.2857e-05,0.00023362,-0.00030788,-0.00026894,-0.00028019
0.87,0.00012974,-0.00062479,0.00069001,0.016683,0.044926,-0.0010227,0.023639,0.018642,0.041738,0.040992,0.027911,-0.044311,-4.5845e-05,-0.00043093,0.00076649,-0.0058566,0.032981,0.0023525,-0.00015,0.0040764,0.04955,-0.047173,0.029564,-0.012725,-0.00062855,0.00047113,8.6553e-05,-1.2773e-05,-0.0050167,4.2184e-05,-0.0067705,-2.619e-05,0.0001865,-0.00035609,-0.00026192,-0.00020864
0.88,0.00011685,-0.00051555,0.00074417,0.016004,0.039226,-0.0005961,0.025037,0.017078,0.046921,0.049857,0.03003,-0.040323,6.4559e-06,-0.00037586,0.00075719,-0.0026074,0.02713,0.0023673,-0.0010385,4.2628e-05,0.051606,-0.052285,0.029707,-0.0042126,-0.00053101,0.00039417,7.1962e-05,-2.1362e-05,-0.0044585,2.9774e-05,-0.0069059,-3.5767e-05,0.00013066,-0.00039658,-0.00025351,-0.00014347
0.89,9.33e-05,-0.00040116,0.00073298,0.014742,0.032219,-0.00017641,0.025092,0.014391,0.049671,0.060094,0.032386,-0.034668,3.5164e-05,-0.00030798,0.00068771,-0.0011052,0.021305,0.0022145,-0.0016124,-0.0029865,0.050369,-0.057821,0.029951,0.0020296,-0.00043788,0.00032207,5.7791e-05,-2.5722e-05,-0.0038724,1.99e-05,-0.0070366,-3.9358e-05,6.8475e-05,-0.00042176,-0.00023996,-8.8247e-05
0.9,6.3394e-05,-0.00028457,0.00064233,0.012274,0.023729,0.00015335,0.022318,0.010844,0.047385,0.069436,0.034882,-0.027319,4.702e-05,-0.00024104,0.00058484,-0.00067911,0.016064,0.001966,-0.0018875,-0.0049893,0.046582,-0.064756,0.031724,0.0066531,-0.00034929,0.00025462,4.4709e-05,-2.4152e-05,-0.0032521,1.2371e-05,-0.0071548,-3.5239e-05,1.4832e-05,-0.00041748,-0.0002115,-4.8469e-05
0.91,3.5183e-05,-0.0001793,0.00048961,0.0088723,0.015105,0.00032487,0.016587,0.0072296,0.039441,0.075737,0.038299,-0.019318,4.8008e-05,-0.00017609,0.00045301,-0.00070708,0.011195,0.001624,-0.0015039,-0.0059712,0.03937,-0.071809,0.035807,0.010646,-0.00026538,0.00019173,3.2998e-05,-1.7359e-05,-0.0026,6.9229e-06,-0.0072608,-2.4834e-05,-1.9907e-05,-0.00036302,-0.00016321,-2.4629e-05
0.92,2.3673e-05,-0.00011494,0.0003557,0.0059115,0.0092907,0.00031824,0.010775,0.0054698,0.031635,0.088511,0.050634,-0.016509,3.8724e-05,-0.00012425,0.00034369,-0.0010902,0.0077373,0.0012847,-0.00060151,-0.005851,0.032703,-0.08734,0.049556,0.013107,-0.00018628,0.0001334,2.2642e-05,-8.2699e-06,-0.0019213,3.2881e-06,-0.0073651,-1.219e-05,-3.1793e-05,-0.00024525,-9.3924e-05,-1.3673e-05
0.93,2.6359e-05,-8.5038e-05,0.00026662,0.0039672,0.006157,0.00021256,0.0072171,0.0056359,0.027966,0.13114,0.095771,-0.024445,2.3916e-05,-8.3024e-05,0.00025892,-0.0015129,0.005312,0.00096649,-0.00013018,-0.0050284,0.028308,-0.12859,0.092745,0.014756,-0.00011216,7.9629e-05,1.339e-05,-2.7086e-06,-0.0012209,1.1544e-06,-0.0074858,-3.7707e-06,-3.0954e-05,-0.00012585,-2.3153e-05,-5.6434e-06
0.94,1.3686e-05,-3.6358e-05,0.00011677,0.0016555,0.0023517,0.0001018,0.0033497,0.0032113,0.020362,0.18303,0.18324,-0.029758,9.9338e-06,-3.4053e-05,0.00011634,-0.00098536,0.002163,0.00045517,0.00079244,-0.0028022,0.020473,-0.1821,0.18106,0.019555,-4.3145e-05,3.0375e-05,5.0873e-06,-3.3303e-07,-0.0004969,1.6837e-07,-0.0076183,-2.5578e-07,-1.554e-05,-3.1575e-05,2.18e-05,-1.1318e-06
